-- phpMyAdmin SQL Dump
-- version 5.1.1
-- https://www.phpmyadmin.net/
--
-- Хост: localhost
-- Время создания: Янв 23 2022 г., 21:46
-- Версия сервера: 8.0.27
-- Версия PHP: 8.0.11

SET SQL_MODE = "NO_AUTO_VALUE_ON_ZERO";
START TRANSACTION;
SET time_zone = "+00:00";


/*!40101 SET @OLD_CHARACTER_SET_CLIENT=@@CHARACTER_SET_CLIENT */;
/*!40101 SET @OLD_CHARACTER_SET_RESULTS=@@CHARACTER_SET_RESULTS */;
/*!40101 SET @OLD_COLLATION_CONNECTION=@@COLLATION_CONNECTION */;
/*!40101 SET NAMES utf8mb4 */;

--
-- База данных: `db2`
--

-- --------------------------------------------------------

--
-- Структура таблицы `construction company`
--

CREATE TABLE `construction company` (
  `comp_id1` int UNSIGNED NOT NULL,
  `compname` varchar(30) CHARACTER SET utf8mb4 COLLATE utf8mb4_0900_ai_ci NOT NULL
) ENGINE=InnoDB DEFAULT CHARSET=utf8mb4 COLLATE=utf8mb4_0900_ai_ci;

--
-- Дамп данных таблицы `construction company`
--

INSERT INTO `construction company` (`comp_id1`, `compname`) VALUES
(1, 'Компания1'),
(2, 'Компания2'),
(3, 'Компания3'),
(4, 'Компания4'),
(5, 'Компания5'),
(6, 'Компания6'),
(7, 'Компания7'),
(8, 'Компания8'),
(9, 'Компания9'),
(10, 'Компания10'),
(11, 'компания11'),
(12, 'компания12'),
(13, 'компания13'),
(14, 'компания14'),
(15, 'компания15'),
(16, 'компания16'),
(17, 'компания17'),
(18, 'компания18'),
(19, 'компания19'),
(20, 'компания20');

-- --------------------------------------------------------

--
-- Структура таблицы `flat`
--

CREATE TABLE `flat` (
  `flat_id` int UNSIGNED NOT NULL,
  `square` smallint UNSIGNED NOT NULL,
  `owner_id` int UNSIGNED NOT NULL,
  `house_id` int UNSIGNED NOT NULL,
  `rooms_num` smallint UNSIGNED NOT NULL
) ENGINE=InnoDB DEFAULT CHARSET=utf8mb4 COLLATE=utf8mb4_0900_ai_ci;

--
-- Дамп данных таблицы `flat`
--

INSERT INTO `flat` (`flat_id`, `square`, `owner_id`, `house_id`, `rooms_num`) VALUES
(100000, 38, 1001, 106, 2),
(100001, 32, 1000, 100, 1),
(100002, 100, 1004, 105, 5),
(100003, 55, 1002, 107, 3),
(100004, 58, 1003, 100, 4),
(100005, 52, 1004, 100, 2),
(100006, 124, 1005, 103, 1),
(100007, 65, 1006, 106, 1),
(100008, 32, 1007, 113, 1),
(100009, 104, 1008, 100, 1),
(100010, 78, 1009, 100, 2),
(100011, 93, 1010, 101, 3),
(100012, 40, 1011, 109, 2),
(100013, 46, 1012, 107, 3),
(100014, 54, 1001, 108, 1),
(100015, 55, 1002, 107, 3),
(100016, 58, 1003, 108, 2),
(100017, 52, 1004, 109, 3),
(100018, 124, 1005, 104, 5),
(100019, 65, 1006, 106, 3),
(100020, 32, 1007, 105, 1),
(100021, 104, 1008, 103, 4),
(100022, 78, 1009, 101, 3),
(100023, 93, 1010, 104, 3),
(100024, 40, 1011, 114, 2),
(100025, 46, 1012, 113, 2),
(100026, 54, 1001, 111, 3),
(100027, 55, 1002, 112, 1),
(100028, 58, 1003, 102, 2),
(100029, 52, 1004, 102, 2),
(100030, 124, 1005, 102, 5),
(100031, 65, 1006, 102, 2),
(100032, 32, 1007, 105, 1),
(100033, 104, 1008, 107, 4),
(100034, 78, 1009, 109, 3),
(100035, 93, 1010, 101, 3),
(100036, 40, 1011, 103, 2),
(100037, 46, 1012, 105, 2),
(100038, 54, 1001, 104, 3),
(100039, 55, 1002, 107, 3),
(100040, 58, 1003, 108, 2),
(100041, 52, 1004, 109, 2),
(100042, 124, 1005, 110, 4),
(100043, 65, 1006, 112, 2),
(100044, 32, 1007, 111, 1),
(100045, 104, 1008, 112, 3),
(100046, 78, 1009, 113, 3),
(100047, 93, 1010, 114, 3),
(100048, 40, 1011, 101, 2),
(100049, 46, 1012, 102, 1),
(100050, 54, 1001, 103, 3),
(100051, 55, 1002, 104, 2),
(100052, 58, 1003, 105, 3),
(100053, 52, 1004, 106, 2),
(100054, 124, 1005, 107, 4),
(100055, 65, 1006, 108, 1),
(100056, 32, 1007, 109, 1),
(100057, 104, 1008, 110, 4),
(100058, 78, 1009, 111, 3),
(100059, 93, 1010, 112, 2),
(100060, 40, 1011, 113, 1),
(100061, 46, 1012, 114, 1),
(100069, 100, 1001, 101, 6),
(100070, 100, 1001, 101, 6),
(100071, 100, 1001, 101, 6),
(100077, 40, 1001, 100, 3),
(100080, 125, 1012, 117, 8),
(100081, 173, 1005, 100, 10),
(100082, 119, 1004, 105, 9),
(100084, 198, 1000, 108, 10),
(100085, 157, 1009, 100, 7),
(100086, 66, 1012, 100, 5),
(100087, 155, 1002, 105, 5),
(100088, 53, 1023, 120, 4),
(100089, 159, 1000, 121, 5),
(100090, 144, 1001, 106, 10),
(100091, 102, 1016, 114, 1),
(100092, 182, 1016, 107, 5),
(100093, 108, 1021, 118, 4),
(100094, 116, 1001, 116, 10),
(100095, 37, 1012, 109, 7),
(100096, 174, 1012, 118, 10),
(100097, 89, 1018, 114, 5),
(100099, 167, 1008, 100, 8),
(100100, 79, 1002, 109, 3),
(100101, 86, 1014, 119, 4),
(100102, 71, 1001, 113, 1),
(100106, 177, 1004, 102, 2),
(100107, 169, 1016, 108, 8),
(100108, 88, 1015, 113, 2),
(100109, 123, 1008, 120, 1),
(100110, 79, 1003, 116, 1),
(100113, 169, 1022, 108, 5),
(100114, 144, 1004, 114, 10),
(100115, 139, 1018, 114, 6),
(100116, 47, 1022, 102, 3),
(100117, 112, 1000, 106, 3),
(100119, 133, 1010, 106, 3),
(100120, 165, 1009, 107, 4),
(100121, 105, 1006, 104, 7),
(100122, 169, 1012, 107, 4),
(100123, 20, 1023, 103, 2),
(100124, 49, 1021, 119, 4),
(100125, 161, 1002, 100, 3),
(100126, 39, 1019, 106, 3),
(100127, 24, 1006, 110, 3),
(100128, 163, 1011, 112, 1),
(100129, 133, 1016, 116, 5),
(100130, 52, 1006, 111, 4),
(100131, 81, 1008, 110, 5),
(100132, 160, 1006, 121, 4),
(100133, 58, 1005, 104, 5),
(100134, 178, 1004, 100, 9),
(100135, 68, 1017, 108, 1),
(100136, 98, 1006, 112, 2),
(100137, 145, 1016, 104, 5),
(100138, 163, 1011, 103, 2),
(100139, 28, 1006, 101, 10),
(100140, 41, 1007, 108, 3),
(100141, 41, 1023, 111, 7),
(100142, 191, 1014, 107, 3),
(100143, 180, 1000, 101, 5),
(100144, 100, 1010, 117, 4),
(100145, 51, 1000, 101, 4),
(100146, 38, 1008, 120, 9),
(100147, 103, 1021, 101, 9),
(100148, 190, 1015, 108, 8),
(100149, 171, 1018, 109, 7),
(100150, 179, 1011, 100, 5),
(100153, 166, 1008, 112, 10),
(100154, 102, 1016, 112, 1),
(100155, 82, 1021, 110, 8),
(100156, 199, 1011, 114, 5),
(100157, 28, 1005, 117, 5),
(100158, 185, 1017, 106, 10),
(100159, 46, 1009, 114, 3),
(100160, 169, 1020, 105, 8),
(100161, 83, 1006, 102, 2),
(100162, 150, 1017, 110, 6),
(100163, 36, 1021, 120, 6),
(100164, 127, 1020, 107, 10),
(100165, 21, 1002, 110, 6),
(100167, 82, 1012, 113, 3),
(100168, 130, 1020, 121, 4),
(100169, 170, 1006, 113, 2),
(100170, 129, 1001, 110, 6),
(100171, 93, 1006, 116, 7),
(100172, 185, 1006, 106, 2),
(100173, 185, 1022, 117, 7),
(100174, 141, 1008, 118, 1),
(100175, 138, 1009, 109, 8),
(100177, 58, 1017, 118, 4),
(100178, 80, 1023, 106, 3),
(100179, 186, 1016, 116, 4),
(100180, 101, 1021, 110, 8),
(100181, 66, 1023, 108, 9),
(100182, 45, 1007, 105, 9),
(100183, 172, 1004, 112, 3),
(100184, 198, 1017, 114, 7),
(100185, 78, 1008, 114, 6),
(100186, 33, 1008, 108, 5),
(100187, 109, 1004, 120, 4),
(100188, 50, 1020, 104, 4),
(100189, 187, 1022, 120, 5),
(100190, 183, 1023, 114, 7),
(100191, 29, 1017, 105, 6),
(100192, 190, 1007, 104, 6),
(100193, 27, 1007, 116, 7),
(100194, 105, 1019, 110, 6),
(100195, 35, 1000, 113, 4),
(100196, 153, 1011, 105, 5),
(100197, 151, 1015, 109, 3),
(100198, 183, 1009, 106, 1),
(100199, 128, 1016, 106, 9),
(100200, 79, 1010, 105, 10),
(100201, 79, 1020, 121, 4),
(100202, 89, 1015, 101, 6),
(100203, 20, 1006, 108, 1),
(100204, 193, 1018, 106, 1),
(100205, 31, 1022, 121, 10),
(100206, 20, 1020, 119, 6),
(100207, 95, 1008, 109, 6),
(100208, 184, 1006, 108, 1),
(100209, 104, 1002, 119, 9),
(100210, 26, 1017, 106, 2),
(100211, 193, 1011, 112, 3),
(100212, 142, 1004, 121, 1),
(100213, 63, 1021, 106, 5),
(100214, 166, 1019, 117, 4),
(100215, 169, 1003, 101, 9),
(100216, 40, 1010, 113, 4),
(100217, 26, 1008, 111, 6),
(100218, 36, 1007, 118, 1),
(100219, 103, 1014, 120, 2),
(100221, 75, 1017, 117, 2),
(100222, 57, 1008, 117, 7),
(100223, 87, 1000, 121, 2),
(100224, 33, 1016, 121, 6),
(100225, 94, 1011, 105, 10),
(100226, 42, 1010, 119, 5),
(100227, 46, 1021, 120, 9),
(100229, 43, 1021, 121, 8),
(100230, 49, 1017, 102, 9),
(100231, 155, 1016, 108, 1),
(100232, 49, 1006, 114, 8),
(100233, 90, 1003, 100, 1),
(100234, 139, 1011, 101, 3),
(100235, 27, 1014, 110, 1),
(100237, 174, 1000, 119, 4),
(100238, 53, 1007, 104, 3),
(100239, 142, 1009, 103, 10),
(100240, 92, 1015, 109, 4),
(100241, 50, 1012, 103, 2),
(100242, 43, 1007, 104, 5),
(100243, 177, 1018, 108, 5),
(100244, 131, 1021, 110, 9),
(100245, 118, 1018, 110, 7),
(100246, 104, 1001, 101, 7),
(100247, 115, 1015, 112, 10),
(100248, 68, 1014, 103, 5),
(100249, 36, 1022, 119, 2),
(100250, 83, 1003, 102, 2),
(100251, 176, 1015, 119, 7),
(100252, 197, 1010, 117, 6),
(100253, 172, 1019, 116, 4),
(100254, 145, 1021, 103, 2),
(100255, 114, 1023, 102, 10),
(100256, 183, 1001, 108, 10),
(100257, 178, 1009, 118, 8),
(100258, 179, 1019, 120, 8),
(100259, 180, 1002, 116, 9),
(100260, 149, 1003, 117, 7),
(100261, 39, 1021, 119, 3),
(100262, 153, 1008, 113, 1),
(100263, 90, 1017, 100, 9),
(100264, 127, 1005, 111, 1),
(100265, 109, 1007, 119, 1),
(100267, 178, 1019, 117, 2),
(100268, 34, 1019, 101, 4),
(100269, 141, 1012, 114, 1),
(100271, 38, 1019, 110, 4),
(100272, 85, 1004, 104, 1),
(100273, 181, 1004, 110, 2),
(100274, 111, 1004, 119, 5),
(100275, 59, 1000, 108, 1),
(100276, 174, 1000, 107, 6),
(100277, 71, 1020, 117, 3),
(100278, 196, 1000, 111, 10),
(100279, 125, 1001, 107, 8),
(100280, 104, 1012, 116, 10),
(100281, 69, 1020, 100, 10),
(100282, 194, 1018, 111, 9),
(100283, 136, 1004, 112, 10),
(100284, 180, 1023, 120, 6),
(100285, 178, 1017, 101, 4),
(100286, 187, 1017, 109, 1),
(100287, 96, 1006, 120, 7),
(100289, 32, 1015, 116, 7),
(100290, 165, 1009, 105, 6),
(100291, 137, 1011, 114, 6),
(100292, 189, 1010, 117, 8),
(100293, 161, 1010, 106, 3),
(100294, 104, 1018, 105, 10),
(100295, 186, 1000, 119, 6),
(100296, 171, 1010, 101, 3),
(100297, 28, 1001, 119, 8),
(100298, 79, 1015, 104, 8),
(100299, 135, 1015, 121, 3),
(100300, 167, 1021, 117, 7),
(100301, 71, 1004, 104, 8),
(100302, 163, 1005, 109, 6),
(100303, 107, 1002, 104, 2),
(100304, 106, 1018, 117, 8),
(100305, 125, 1009, 119, 10),
(100306, 118, 1014, 112, 5),
(100307, 56, 1015, 102, 10),
(100308, 62, 1008, 121, 1),
(100310, 173, 1018, 121, 6),
(100311, 41, 1017, 100, 5),
(100312, 54, 1002, 121, 6),
(100313, 132, 1022, 101, 7),
(100314, 133, 1019, 111, 6),
(100315, 66, 1019, 111, 3),
(100316, 93, 1019, 117, 9),
(100317, 59, 1008, 104, 4),
(100318, 171, 1005, 116, 2),
(100319, 115, 1010, 101, 5),
(100320, 20, 1003, 105, 3),
(100321, 157, 1018, 100, 4),
(100322, 167, 1017, 104, 6),
(100323, 115, 1021, 107, 1),
(100324, 188, 1009, 109, 1),
(100325, 136, 1010, 106, 10),
(100326, 53, 1000, 104, 6),
(100327, 101, 1018, 104, 9),
(100328, 52, 1020, 110, 7),
(100329, 93, 1005, 102, 1),
(100330, 66, 1006, 107, 1),
(100331, 91, 1011, 110, 7),
(100333, 185, 1019, 104, 7),
(100334, 200, 1020, 103, 10),
(100335, 58, 1012, 104, 7),
(100336, 146, 1015, 106, 10),
(100337, 171, 1017, 118, 10),
(100338, 68, 1004, 101, 1),
(100339, 95, 1003, 106, 9),
(100340, 82, 1000, 112, 1),
(100341, 196, 1009, 102, 3),
(100342, 78, 1009, 104, 3),
(100343, 145, 1014, 102, 1),
(100344, 108, 1020, 112, 4),
(100345, 136, 1002, 120, 8),
(100347, 135, 1007, 120, 4),
(100348, 76, 1000, 104, 5),
(100349, 178, 1020, 102, 7),
(100350, 24, 1019, 112, 7),
(100351, 118, 1009, 119, 9),
(100352, 80, 1014, 119, 10),
(100353, 183, 1014, 104, 4),
(100354, 157, 1012, 121, 5),
(100356, 29, 1018, 104, 8),
(100357, 33, 1003, 109, 2),
(100358, 137, 1004, 114, 10),
(100359, 119, 1021, 119, 3),
(100360, 84, 1015, 114, 1),
(100361, 141, 1010, 107, 4),
(100363, 193, 1020, 102, 5),
(100364, 187, 1022, 106, 6),
(100365, 48, 1019, 107, 8),
(100366, 129, 1017, 114, 9),
(100367, 52, 1020, 121, 9),
(100368, 120, 1011, 118, 3),
(100369, 170, 1019, 111, 9),
(100370, 78, 1007, 114, 6),
(100371, 130, 1023, 112, 9),
(100373, 114, 1023, 106, 2),
(100374, 167, 1017, 110, 2),
(100375, 37, 1008, 116, 5),
(100376, 63, 1001, 117, 1),
(100377, 182, 1005, 101, 2),
(100378, 114, 1006, 108, 8),
(100380, 177, 1018, 112, 4),
(100381, 149, 1020, 113, 1),
(100382, 135, 1005, 101, 4),
(100383, 54, 1005, 105, 9),
(100384, 160, 1016, 104, 5),
(100385, 144, 1016, 118, 1),
(100386, 145, 1005, 113, 6),
(100387, 146, 1000, 119, 10),
(100388, 106, 1015, 113, 10),
(100389, 164, 1003, 114, 4),
(100390, 59, 1022, 108, 10),
(100391, 166, 1014, 114, 7),
(100392, 44, 1010, 121, 5),
(100393, 32, 1023, 108, 2),
(100395, 107, 1012, 109, 6),
(100396, 188, 1012, 102, 2),
(100397, 164, 1011, 100, 1),
(100398, 148, 1018, 106, 7),
(100399, 99, 1019, 103, 9),
(100400, 28, 1000, 101, 1),
(100401, 163, 1002, 120, 8),
(100402, 59, 1021, 109, 3),
(100403, 37, 1022, 112, 7),
(100404, 79, 1002, 112, 8),
(100405, 73, 1004, 108, 3),
(100406, 97, 1009, 106, 9),
(100407, 162, 1012, 107, 4),
(100408, 154, 1023, 113, 2),
(100409, 158, 1010, 117, 8),
(100410, 173, 1007, 102, 10),
(100411, 154, 1019, 104, 8),
(100412, 159, 1022, 116, 4),
(100414, 167, 1001, 106, 1),
(100415, 179, 1014, 110, 1),
(100416, 119, 1023, 106, 7),
(100417, 140, 1021, 113, 8),
(100418, 40, 1005, 104, 3),
(100419, 61, 1020, 117, 2),
(100420, 67, 1002, 120, 8),
(100421, 162, 1023, 119, 4),
(100422, 73, 1017, 100, 5),
(100423, 53, 1008, 107, 2),
(100424, 124, 1003, 105, 3),
(100425, 104, 1015, 107, 5),
(100426, 38, 1018, 109, 5),
(100427, 138, 1015, 113, 8),
(100428, 104, 1005, 113, 4),
(100429, 72, 1020, 113, 4),
(100430, 191, 1004, 112, 6),
(100431, 107, 1014, 105, 7),
(100432, 103, 1023, 103, 4),
(100433, 184, 1023, 121, 4),
(100434, 62, 1017, 111, 7),
(100435, 125, 1014, 121, 3),
(100437, 118, 1011, 101, 10),
(100438, 75, 1017, 107, 1),
(100439, 45, 1004, 102, 2),
(100440, 191, 1000, 117, 5),
(100441, 148, 1020, 119, 10),
(100442, 38, 1015, 109, 9),
(100443, 100, 1015, 120, 2),
(100444, 142, 1014, 121, 8),
(100445, 98, 1000, 102, 7),
(100446, 25, 1004, 110, 1),
(100447, 87, 1019, 121, 3),
(100448, 145, 1018, 108, 6),
(100449, 142, 1011, 111, 1),
(100450, 65, 1010, 120, 2),
(100451, 94, 1006, 120, 6),
(100452, 138, 1022, 109, 5),
(100453, 118, 1021, 108, 6),
(100456, 59, 1018, 118, 8),
(100457, 199, 1017, 118, 1),
(100458, 94, 1012, 113, 7),
(100459, 161, 1004, 116, 2),
(100460, 155, 1011, 108, 9),
(100462, 74, 1004, 101, 9),
(100463, 53, 1005, 120, 7),
(100464, 118, 1011, 107, 7),
(100465, 62, 1012, 104, 5),
(100467, 85, 1006, 116, 10),
(100469, 157, 1009, 108, 8),
(100471, 100, 1017, 114, 1),
(100472, 135, 1022, 100, 6),
(100473, 103, 1015, 116, 6),
(100474, 96, 1003, 102, 2),
(100476, 138, 1002, 107, 1),
(100477, 168, 1012, 110, 4),
(100478, 59, 1018, 107, 2),
(100479, 89, 1005, 116, 7),
(100480, 54, 1003, 114, 3),
(100481, 125, 1016, 101, 1),
(100482, 21, 1021, 108, 2),
(100483, 49, 1017, 110, 10),
(100485, 43, 1012, 105, 7),
(100486, 28, 1010, 101, 1),
(100487, 182, 1011, 113, 1),
(100488, 138, 1007, 111, 6),
(100489, 181, 1003, 104, 7),
(100490, 104, 1008, 110, 2),
(100491, 78, 1014, 106, 1),
(100492, 68, 1021, 118, 1),
(100493, 67, 1020, 113, 3),
(100494, 135, 1007, 111, 5),
(100495, 67, 1012, 108, 8),
(100497, 179, 1018, 109, 5),
(100498, 43, 1008, 120, 7),
(100499, 170, 1012, 118, 4),
(100500, 165, 1002, 120, 6),
(100501, 178, 1006, 107, 9),
(100502, 75, 1002, 105, 9),
(100503, 188, 1008, 105, 6),
(100504, 161, 1004, 113, 9),
(100505, 25, 1002, 110, 5),
(100506, 81, 1020, 104, 4),
(100507, 79, 1015, 114, 8),
(100508, 73, 1001, 104, 5),
(100509, 161, 1018, 111, 2),
(100510, 53, 1001, 107, 6),
(100511, 92, 1018, 102, 4),
(100512, 51, 1014, 110, 5),
(100513, 132, 1003, 112, 4),
(100514, 69, 1001, 113, 4),
(100515, 124, 1017, 103, 3),
(100516, 49, 1002, 100, 2),
(100517, 86, 1002, 101, 4),
(100518, 171, 1001, 111, 10),
(100519, 183, 1014, 118, 10),
(100520, 88, 1020, 107, 1),
(100521, 124, 1019, 113, 1),
(100522, 94, 1006, 118, 4),
(100524, 58, 1014, 116, 5),
(100525, 199, 1016, 113, 1),
(100526, 147, 1004, 104, 9),
(100528, 20, 1019, 108, 3),
(100530, 198, 1008, 101, 10),
(100531, 56, 1011, 114, 9),
(100532, 105, 1020, 118, 7),
(100533, 119, 1016, 116, 4),
(100534, 43, 1017, 117, 4),
(100535, 185, 1001, 102, 3),
(100536, 192, 1004, 121, 7),
(100537, 73, 1011, 110, 4),
(100538, 164, 1000, 119, 7),
(100539, 181, 1017, 100, 10),
(100540, 191, 1000, 101, 7),
(100541, 151, 1010, 109, 5),
(100542, 89, 1017, 120, 3),
(100543, 102, 1003, 110, 1),
(100544, 142, 1016, 106, 9),
(100545, 66, 1002, 110, 6),
(100547, 194, 1005, 118, 1),
(100548, 152, 1016, 121, 5),
(100549, 113, 1006, 105, 7),
(100550, 88, 1009, 121, 7),
(100551, 122, 1022, 109, 6),
(100552, 34, 1017, 114, 8),
(100553, 199, 1009, 118, 5),
(100554, 164, 1017, 107, 1),
(100555, 173, 1012, 113, 10),
(100558, 98, 1014, 117, 1),
(100559, 34, 1012, 110, 10),
(100560, 64, 1015, 106, 10),
(100561, 108, 1016, 110, 1),
(100562, 59, 1007, 121, 7),
(100563, 133, 1008, 100, 9),
(100564, 137, 1009, 110, 3),
(100565, 153, 1020, 118, 5),
(100566, 100, 1003, 111, 10),
(100567, 53, 1007, 113, 1),
(100568, 154, 1005, 119, 10),
(100569, 186, 1002, 116, 10),
(100570, 131, 1011, 118, 3),
(100571, 129, 1014, 114, 5),
(100572, 115, 1008, 117, 2),
(100573, 139, 1018, 109, 5),
(100574, 47, 1007, 112, 2),
(100575, 28, 1003, 120, 3);

-- --------------------------------------------------------

--
-- Структура таблицы `houses`
--

CREATE TABLE `houses` (
  `house_id1` int UNSIGNED NOT NULL,
  `city` varchar(50) NOT NULL,
  `address` varchar(100) NOT NULL,
  `comp_id` int UNSIGNED NOT NULL
) ENGINE=InnoDB DEFAULT CHARSET=utf8mb4 COLLATE=utf8mb4_0900_ai_ci;

--
-- Дамп данных таблицы `houses`
--

INSERT INTO `houses` (`house_id1`, `city`, `address`, `comp_id`) VALUES
(100, 'Москва', 'Новодмитровская ул., 2', 1),
(101, 'Москва', 'Новодмитровская ул. 3', 1),
(102, 'Москва', 'Новодмитровская ул. 4', 2),
(103, 'Москва', 'Новодмитровская ул. 6', 2),
(104, 'Москва', '8-й пр. Марьиной Рощи 30', 3),
(105, 'Москва', '8-й пр. Марьиной Рощи 31', 4),
(106, 'Москва', '8-й пр. Марьиной Рощи 32', 5),
(107, 'Москва', '8-й пр. Марьиной Рощи 35', 6),
(108, 'Солнечногорск', 'Большевистская улица, 2А', 7),
(109, 'Солнечногорск', 'Большевистская улица, 3А', 7),
(110, 'Солнечногорск', 'Большевистская улица, 4А', 7),
(111, 'Солнечногорск', 'Зелёная улица, 6', 8),
(112, 'Солнечногорск', 'Зелёная улица, 7', 8),
(113, 'Солнечногорск', 'Зелёная улица, 8', 9),
(114, 'Солнечногорск', 'Зелёная улица, 32', 10),
(116, 'Москва', 'адрес1', 16),
(117, 'Москва', 'адрес2', 17),
(118, 'Москва', 'адрес3', 18),
(119, 'Красногорск', 'адрес6', 19),
(120, 'Красногорск', 'адрес5', 14),
(121, 'Красногорск', 'адрес8', 12);

-- --------------------------------------------------------

--
-- Структура таблицы `intermediate_table`
--

CREATE TABLE `intermediate_table` (
  `id` int UNSIGNED NOT NULL,
  `flat_id1` int UNSIGNED NOT NULL,
  `tenant_id1` int UNSIGNED NOT NULL
) ENGINE=InnoDB DEFAULT CHARSET=utf8mb4 COLLATE=utf8mb4_0900_ai_ci;

--
-- Дамп данных таблицы `intermediate_table`
--

INSERT INTO `intermediate_table` (`id`, `flat_id1`, `tenant_id1`) VALUES
(10, 100001, 10001),
(11, 100001, 10003),
(12, 100003, 10006),
(13, 100003, 10010),
(14, 100037, 10009),
(15, 100049, 10009),
(16, 100005, 10010),
(17, 100002, 10013),
(18, 100005, 10015),
(19, 100056, 10013),
(20, 100003, 10019),
(21, 100005, 10009),
(22, 100052, 10007),
(23, 100005, 10012),
(24, 100009, 10016),
(25, 100006, 10014),
(26, 100056, 10012),
(27, 100058, 10008),
(28, 100000, 10019),
(29, 100061, 10000),
(30, 100048, 10017),
(31, 100012, 10013),
(32, 100054, 10011),
(33, 100049, 10015),
(34, 100004, 10018),
(35, 100014, 10016),
(36, 100015, 10015),
(37, 100020, 10016),
(38, 100047, 10003),
(39, 100013, 10013),
(40, 100036, 10001),
(41, 100044, 10012),
(42, 100025, 10013),
(43, 100037, 10012),
(44, 100039, 10016),
(45, 100056, 10013),
(46, 100054, 10011),
(47, 100036, 10014),
(48, 100044, 10010),
(49, 100054, 10016),
(50, 100053, 10012),
(51, 100037, 10012),
(52, 100050, 10016),
(53, 100013, 10017),
(55, 100057, 10011),
(56, 100034, 10013),
(57, 100055, 10016),
(58, 100045, 10017),
(59, 100056, 10010),
(60, 100051, 10010),
(61, 100009, 10010),
(550, 100002, 10009),
(551, 100003, 10005);

-- --------------------------------------------------------

--
-- Структура таблицы `owner`
--

CREATE TABLE `owner` (
  `owner_id1` int UNSIGNED NOT NULL,
  `phonenum` varchar(15) NOT NULL,
  `email` varchar(30) NOT NULL,
  `ownername` varchar(40) NOT NULL
) ENGINE=InnoDB DEFAULT CHARSET=utf8mb4 COLLATE=utf8mb4_0900_ai_ci;

--
-- Дамп данных таблицы `owner`
--

INSERT INTO `owner` (`owner_id1`, `phonenum`, `email`, `ownername`) VALUES
(1000, '89991111121', 'email1@ya.ru', 'Дмитрий Иванов1'),
(1001, '89991111113', 'email2@ya.ru', 'Дмитрий Иванов2'),
(1002, '89991115111', 'email3@ya.ru', 'Дмитрий Иванов3'),
(1003, '89991116111', 'email4@ya.ru', 'Дмитрий Иванов4'),
(1004, '89991117111', 'email5@ya.ru', 'Дмитрий Иванов5'),
(1005, '89991118111', 'email6@ya.ru', 'Дмитрий Иванов6'),
(1006, '89991119111', 'email7@ya.ru', 'Дмитрий Иванов7'),
(1007, '89991411111', 'email8@ya.ru', 'Дмитрий Иванов8'),
(1008, '89991161111', 'email9@ya.ru', 'Дмитрий Иванов9'),
(1009, '89991511111', 'email10@ya.ru', 'Дмитрий Иванов10'),
(1010, '89991611111', 'email11@ya.ru', 'Дмитрий Иванов11'),
(1011, '89991711111', 'email12@ya.ru', 'Дмитрий Иванов12'),
(1012, '89991811111', 'email13@ya.ru', 'Дмитрий Иванов13'),
(1014, '88001', 'mail1@gmail.com', 'Дмитрий Иванов20'),
(1015, '88002', 'mail2@gmail.com', 'Дмитрий Иванов21'),
(1016, '88003', 'mail3@gmail.com', 'Дмитрий Иванов22'),
(1017, '88004', 'mail4@gmail.com', 'Дмитрий Иванов23'),
(1018, '88005', 'mail5@gmail.com', 'Дмитрий Иванов24'),
(1019, '88006', 'mail6@gmail.com', 'Дмитрий Иванов25'),
(1020, '88007', 'mail7@gmail.com', 'Дмитрий Иванов26'),
(1021, '88008', 'mail8@gmail.com', 'Дмитрий Иванов27'),
(1022, '88009', 'mail9@gmail.com', 'Дмитрий Иванов28'),
(1023, '880010', 'mail10@gmail.com', 'Дмитрий Иванов29');

-- --------------------------------------------------------

--
-- Структура таблицы `residence`
--

CREATE TABLE `residence` (
  `residence_id` int NOT NULL,
  `residence_addr` varchar(30) CHARACTER SET utf8mb4 COLLATE utf8mb4_0900_ai_ci NOT NULL
) ENGINE=InnoDB DEFAULT CHARSET=utf8mb4 COLLATE=utf8mb4_0900_ai_ci;

--
-- Дамп данных таблицы `residence`
--

INSERT INTO `residence` (`residence_id`, `residence_addr`) VALUES
(200, 'Строгинский бул. 7'),
(201, 'Строгинский бул. 8'),
(202, 'Строгинский бул.10'),
(203, 'Строгинский бул. 11'),
(204, 'Строгинский бул. 12'),
(205, 'Строгинский бул. 13'),
(206, 'Строгинский бул. 14'),
(207, 'Строгинский бул. 15'),
(208, 'Строгинский бул. 16'),
(209, 'Строгинский бул. 17'),
(210, 'Строгинский бул. 18'),
(211, 'Строгинский бул. 19'),
(212, 'Строгинский бул. 20'),
(213, 'Строгинский бул. 21'),
(214, 'Строгинский бул. 22'),
(215, 'Строгинский бул. 23'),
(216, 'Строгинский бул. 24'),
(217, 'Строгинский бул. 25'),
(218, 'Строгинский бул. 26'),
(219, 'Строгинский бул. 27'),
(220, 'Строгинский бул. 28'),
(221, 'Строгинский бул. 29'),
(222, 'Строгинский бул. 30');

-- --------------------------------------------------------

--
-- Структура таблицы `tenant`
--

CREATE TABLE `tenant` (
  `tenant_id` int UNSIGNED NOT NULL,
  `name` varchar(30) NOT NULL,
  `email` varchar(30) NOT NULL,
  `phonenum` int NOT NULL,
  `birth_year` year NOT NULL,
  `place_of_residence_id` int DEFAULT NULL
) ENGINE=InnoDB DEFAULT CHARSET=utf8mb4 COLLATE=utf8mb4_0900_ai_ci;

--
-- Дамп данных таблицы `tenant`
--

INSERT INTO `tenant` (`tenant_id`, `name`, `email`, `phonenum`, `birth_year`, `place_of_residence_id`) VALUES
(10000, 'Иванов Иван 2', 'emailtenant1@ya.ru', 89492, 1973, 200),
(10001, 'qwe', 'asdqwe@ya.ru', 51245, 1954, 202),
(10002, 'Иванов Иван 3', 'emailtenant3@ya.ru', 111113, 1984, 202),
(10003, 'Иванов Иван 4', 'emailtenant4@ya.ru', 111114, 2000, 203),
(10004, 'Иванов Иван 5', 'emailtenant5@ya.ru', 111115, 1964, 204),
(10005, 'Иванов Иван 6', 'emailtenant6@ya.ru', 111116, 1993, 205),
(10006, 'Иванов Иван 7', 'emailtenant7@ya.ru', 111117, 1985, 206),
(10007, 'Иванов Иван 8', 'emailtenant8@ya.ru', 111118, 1973, 207),
(10008, 'Иванов Иван 9', 'emailtenant9@ya.ru', 111119, 1988, 208),
(10009, 'Иванов Иван 10', 'emailtenant10@ya.ru', 111110, 1999, 209),
(10010, 'Иванов Иван 11', 'emailtenant11@ya.ru', 111121, 1972, 210),
(10011, 'Иванов Иван 12', 'emailtenant12@ya.ru', 111122, 1984, 211),
(10012, 'Иванов Иван 13', 'emailtenant13@ya.ru', 111123, 1970, 212),
(10013, 'Иванов Иван 14', 'emailtenant14@ya.ru', 111124, 1988, 213),
(10014, 'Иванов Иван 15', 'emailtenant15@ya.ru', 111125, 1989, 200),
(10015, 'Иванов Иван 16', 'emailtenant16@ya.ru', 111126, 1977, 201),
(10016, 'Иванов Иван 17', 'emailtenant17@ya.ru', 111127, 1975, 202),
(10017, 'Иванов Иван 18', 'emailtenant18@ya.ru', 111128, 1992, 203),
(10018, 'Иванов Иван 19', 'emailtenant19@ya.ru', 111129, 1990, 204),
(10019, 'Иванов Иван 20', 'emailtenant20@ya.ru', 111130, 2001, 205),
(10024, 'Иванов Иван 100', 'mail1@ya.ru', 88005, 1997, 201),
(10025, 'Иванов Иван 100', 'mail1@ya.ru', 88005, 1997, 201),
(10026, 'Иванов Иван 100', 'mail1@ya.ru', 88005, 1997, 201),
(10027, 'Иванов Иван 100', 'mail1@ya.ru', 88005, 1997, 201),
(10028, 'Иванов Иван 100', 'mail1@ya.ru', 88005, 1997, 201),
(10029, 'Иванов Иван 100', 'mail1@ya.ru', 88005, 1997, 201),
(10030, 'Иванов Иван 101', 'mail11@ya.ru', 880051, 1997, 201),
(10031, 'Иванов Иван 102', 'mail12@ya.ru', 880052, 1997, 201),
(10032, 'Иванов Иван 103', 'mail13@ya.ru', 880053, 1997, 201),
(10033, 'Иванов Иван 104', 'mail14@ya.ru', 880054, 1997, 201),
(10034, 'Иванов Иван 105', 'mail15@ya.ru', 880055, 1997, 201),
(10035, 'Иванов Иван 106', 'mail16@ya.ru', 880056, 1997, 201),
(10036, 'Иванов Иван 107', 'mail17@ya.ru', 880057, 1997, 201),
(10037, 'Иванов Иван 108', 'mail18@ya.ru', 880058, 1997, 201),
(10038, 'Иванов Иван 109', 'mail19@ya.ru', 880059, 1997, 201),
(10039, 'Иванов Иван 1010', 'mail110@ya.ru', 8800510, 1997, 201),
(10040, 'Иванов Иван 1011', 'mail111@ya.ru', 8800511, 1997, 202),
(10041, 'Иванов Иван 1012', 'mail112@ya.ru', 8800512, 1997, 202),
(10042, 'Иванов Иван 1013', 'mail113@ya.ru', 8800513, 1997, 202),
(10043, 'Иванов Иван 1014', 'mail114@ya.ru', 8800514, 1997, 202),
(10044, 'Иванов Иван 1015', 'mail115@ya.ru', 8800515, 1997, 202),
(10045, 'Иванов Иван 1016', 'mail116@ya.ru', 8800516, 1997, 202),
(10046, 'Иванов Иван 1017', 'mail117@ya.ru', 8800517, 1997, 202),
(10047, 'Иванов Иван 1018', 'mail118@ya.ru', 8800518, 1997, 202),
(10048, 'Иванов Иван 1019', 'mail119@ya.ru', 8800519, 1997, 202),
(10049, 'Иванов Иван 1020', 'mail120@ya.ru', 8800520, 1997, 202),
(10050, 'Иванов Иван 1021', 'mail121@ya.ru', 8800521, 1997, 202),
(10051, 'Иванов Иван 1022', 'mail122@ya.ru', 8800522, 1997, 202),
(10052, 'Иванов Иван 1023', 'mail123@ya.ru', 8800523, 1997, 202),
(10053, 'Иванов Иван 1024', 'mail124@ya.ru', 8800524, 1997, 202),
(10054, 'Иванов Иван 1025', 'mail125@ya.ru', 8800525, 1997, 202),
(10055, 'Иванов Иван 1026', 'mail126@ya.ru', 8800526, 1997, 202),
(10056, 'Иванов Иван 1027', 'mail127@ya.ru', 8800527, 1997, 202),
(10057, 'Иванов Иван 1028', 'mail128@ya.ru', 8800528, 1997, 202),
(10058, 'Иванов Иван 1029', 'mail129@ya.ru', 8800529, 1997, 202),
(10059, 'Иванов Иван 1030', 'mail130@ya.ru', 8800530, 1997, 202),
(10060, 'Иванов Иван 1031', 'mail131@ya.ru', 8800531, 1997, 202),
(10061, 'Иванов Иван 1032', 'mail132@ya.ru', 8800532, 1997, 202),
(10062, 'Иванов Иван 1033', 'mail133@ya.ru', 8800533, 1997, 202),
(10063, 'Иванов Иван 1034', 'mail134@ya.ru', 8800534, 1997, 202),
(10064, 'Иванов Иван 1035', 'mail135@ya.ru', 8800535, 1997, 202),
(10065, 'Иванов Иван 1036', 'mail136@ya.ru', 8800536, 1997, 202),
(10066, 'Иванов Иван 1037', 'mail137@ya.ru', 8800537, 1997, 202),
(10067, 'Иванов Иван 1038', 'mail138@ya.ru', 8800538, 1997, 202),
(10068, 'Иванов Иван 1039', 'mail139@ya.ru', 8800539, 1997, 202),
(10069, 'Иванов Иван 1040', 'mail140@ya.ru', 8800540, 1997, 202),
(10070, 'Иванов Иван 1041', 'mail141@ya.ru', 8800541, 1997, 202),
(10071, 'Иванов Иван 1042', 'mail142@ya.ru', 8800542, 1997, 202),
(10072, 'Иванов Иван 1043', 'mail143@ya.ru', 8800543, 1997, 202),
(10073, 'Иванов Иван 1044', 'mail144@ya.ru', 8800544, 1997, 202),
(10074, 'Иванов Иван 1045', 'mail145@ya.ru', 8800545, 1997, 202),
(10075, 'Иванов Иван 1046', 'mail146@ya.ru', 8800546, 1997, 202),
(10076, 'Иванов Иван 1047', 'mail147@ya.ru', 8800547, 1997, 202),
(10077, 'Иванов Иван 1048', 'mail148@ya.ru', 8800548, 1997, 202),
(10078, 'Иванов Иван 1049', 'mail149@ya.ru', 8800549, 1997, 202),
(10079, 'Иванов Иван 1050', 'mail150@ya.ru', 8800550, 1997, 202),
(10080, 'Иванов Иван 1051', 'mail151@ya.ru', 8800551, 1997, 202),
(10081, 'Иванов Иван 1052', 'mail152@ya.ru', 8800552, 1997, 202),
(10082, 'Иванов Иван 1053', 'mail153@ya.ru', 8800553, 1997, 202),
(10083, 'Иванов Иван 1054', 'mail154@ya.ru', 8800554, 1997, 202),
(10084, 'Иванов Иван 1055', 'mail155@ya.ru', 8800555, 1997, 202),
(10085, 'Иванов Иван 1056', 'mail156@ya.ru', 8800556, 1997, 203),
(10086, 'Иванов Иван 1057', 'mail157@ya.ru', 8800557, 1997, 203),
(10087, 'Иванов Иван 1058', 'mail158@ya.ru', 8800558, 1997, 203),
(10088, 'Иванов Иван 1059', 'mail159@ya.ru', 8800559, 1997, 203),
(10089, 'Иванов Иван 1060', 'mail160@ya.ru', 8800560, 1997, 203),
(10090, 'Иванов Иван 1061', 'mail161@ya.ru', 8800561, 1997, 203),
(10091, 'Иванов Иван 1062', 'mail162@ya.ru', 8800562, 1997, 203),
(10092, 'Иванов Иван 1063', 'mail163@ya.ru', 8800563, 1997, 203),
(10093, 'Иванов Иван 1064', 'mail164@ya.ru', 8800564, 1997, 203),
(10094, 'Иванов Иван 1065', 'mail165@ya.ru', 8800565, 1997, 203),
(10095, 'Иванов Иван 1066', 'mail166@ya.ru', 8800566, 1997, 203),
(10096, 'Иванов Иван 1067', 'mail167@ya.ru', 8800567, 1997, 203),
(10097, 'Иванов Иван 1068', 'mail168@ya.ru', 8800568, 1997, 203),
(10098, 'Иванов Иван 1069', 'mail169@ya.ru', 8800569, 1997, 203),
(10099, 'Иванов Иван 1070', 'mail170@ya.ru', 8800570, 1997, 203),
(10100, 'Иванов Иван 1071', 'mail171@ya.ru', 8800571, 1997, 203),
(10101, 'Иванов Иван 1072', 'mail172@ya.ru', 8800572, 1997, 203),
(10102, 'Иванов Иван 1073', 'mail173@ya.ru', 8800573, 1997, 203),
(10103, 'Иванов Иван 1074', 'mail174@ya.ru', 8800574, 1997, 203),
(10104, 'Иванов Иван 1075', 'mail175@ya.ru', 8800575, 1997, 203),
(10105, 'Иванов Иван 1076', 'mail176@ya.ru', 8800576, 1997, 203),
(10106, 'Иванов Иван 1077', 'mail177@ya.ru', 8800577, 1997, 203),
(10107, 'Иванов Иван 1078', 'mail178@ya.ru', 8800578, 1997, 203),
(10108, 'Иванов Иван 1079', 'mail179@ya.ru', 8800579, 1997, 203),
(10109, 'Иванов Иван 1080', 'mail180@ya.ru', 8800580, 1997, 203),
(10110, 'Иванов Иван 1081', 'mail181@ya.ru', 8800581, 1997, 203),
(10111, 'Иванов Иван 1082', 'mail182@ya.ru', 8800582, 1997, 203),
(10112, 'Иванов Иван 1083', 'mail183@ya.ru', 8800583, 1997, 203),
(10113, 'Иванов Иван 1084', 'mail184@ya.ru', 8800584, 1997, 203),
(10114, 'Иванов Иван 1085', 'mail185@ya.ru', 8800585, 1997, 203),
(10115, 'Иванов Иван 1086', 'mail186@ya.ru', 8800586, 1997, 203),
(10116, 'Иванов Иван 1087', 'mail187@ya.ru', 8800587, 1997, 203),
(10117, 'Иванов Иван 1088', 'mail188@ya.ru', 8800588, 1997, 203),
(10118, 'Иванов Иван 1089', 'mail189@ya.ru', 8800589, 1997, 203),
(10119, 'Иванов Иван 1090', 'mail190@ya.ru', 8800590, 1997, 203),
(10120, 'Иванов Иван 1091', 'mail191@ya.ru', 8800591, 1997, 203),
(10121, 'Иванов Иван 1092', 'mail192@ya.ru', 8800592, 1997, 203),
(10122, 'Иванов Иван 1093', 'mail193@ya.ru', 8800593, 1997, 203),
(10123, 'Иванов Иван 1094', 'mail194@ya.ru', 8800594, 1997, 203),
(10124, 'Иванов Иван 1095', 'mail195@ya.ru', 8800595, 1997, 203),
(10125, 'Иванов Иван 1096', 'mail196@ya.ru', 8800596, 1997, 203),
(10126, 'Иванов Иван 1097', 'mail197@ya.ru', 8800597, 1997, 203),
(10127, 'Иванов Иван 1098', 'mail198@ya.ru', 8800598, 1997, 203),
(10128, 'Иванов Иван 1099', 'mail199@ya.ru', 8800599, 1997, 203),
(10129, 'Иванов Иван 10100', 'mail1100@ya.ru', 88005100, 1997, 203),
(10130, 'Иванов Иван 10101', 'mail1101@ya.ru', 88005101, 1997, 203),
(10131, 'Иванов Иван 10102', 'mail1102@ya.ru', 88005102, 1997, 203),
(10132, 'Иванов Иван 10103', 'mail1103@ya.ru', 88005103, 1997, 203),
(10133, 'Иванов Иван 10104', 'mail1104@ya.ru', 88005104, 1997, 203),
(10134, 'Иванов Иван 10105', 'mail1105@ya.ru', 88005105, 1997, 203),
(10135, 'Иванов Иван 10106', 'mail1106@ya.ru', 88005106, 1997, 203),
(10136, 'Иванов Иван 10107', 'mail1107@ya.ru', 88005107, 1997, 203),
(10137, 'Иванов Иван 10108', 'mail1108@ya.ru', 88005108, 1997, 203),
(10138, 'Иванов Иван 10109', 'mail1109@ya.ru', 88005109, 1997, 203),
(10139, 'Иванов Иван 10110', 'mail1110@ya.ru', 88005110, 1997, 203),
(10140, 'Иванов Иван 10111', 'mail1111@ya.ru', 88005111, 1997, 203),
(10141, 'Иванов Иван 10112', 'mail1112@ya.ru', 88005112, 1997, 203),
(10142, 'Иванов Иван 10113', 'mail1113@ya.ru', 88005113, 1997, 203),
(10143, 'Иванов Иван 10114', 'mail1114@ya.ru', 88005114, 1997, 203),
(10144, 'Иванов Иван 10115', 'mail1115@ya.ru', 88005115, 1997, 203),
(10145, 'Иванов Иван 10116', 'mail1116@ya.ru', 88005116, 1997, 203),
(10146, 'Иванов Иван 10117', 'mail1117@ya.ru', 88005117, 1997, 203),
(10147, 'Иванов Иван 10118', 'mail1118@ya.ru', 88005118, 1997, 203),
(10148, 'Иванов Иван 10119', 'mail1119@ya.ru', 88005119, 1997, 203),
(10149, 'Иванов Иван 10120', 'mail1120@ya.ru', 88005120, 1997, 203),
(10150, 'Иванов Иван 10121', 'mail1121@ya.ru', 88005121, 1997, 203),
(10151, 'Иванов Иван 10122', 'mail1122@ya.ru', 88005122, 1997, 204),
(10152, 'Иванов Иван 10123', 'mail1123@ya.ru', 88005123, 1997, 204),
(10153, 'Иванов Иван 10124', 'mail1124@ya.ru', 88005124, 1997, 204),
(10154, 'Иванов Иван 10125', 'mail1125@ya.ru', 88005125, 1997, 204),
(10155, 'Иванов Иван 10126', 'mail1126@ya.ru', 88005126, 1997, 204),
(10156, 'Иванов Иван 10127', 'mail1127@ya.ru', 88005127, 1997, 204),
(10157, 'Иванов Иван 10128', 'mail1128@ya.ru', 88005128, 1997, 204),
(10158, 'Иванов Иван 10129', 'mail1129@ya.ru', 88005129, 1997, 204),
(10159, 'Иванов Иван 10130', 'mail1130@ya.ru', 88005130, 1997, 204),
(10160, 'Иванов Иван 10131', 'mail1131@ya.ru', 88005131, 1997, 204),
(10161, 'Иванов Иван 10132', 'mail1132@ya.ru', 88005132, 1997, 204),
(10162, 'Иванов Иван 10133', 'mail1133@ya.ru', 88005133, 1997, 204),
(10163, 'Иванов Иван 10134', 'mail1134@ya.ru', 88005134, 1997, 204),
(10164, 'Иванов Иван 10135', 'mail1135@ya.ru', 88005135, 1997, 204),
(10165, 'Иванов Иван 10136', 'mail1136@ya.ru', 88005136, 1997, 204),
(10166, 'Иванов Иван 10137', 'mail1137@ya.ru', 88005137, 1997, 204),
(10167, 'Иванов Иван 10138', 'mail1138@ya.ru', 88005138, 1997, 204),
(10168, 'Иванов Иван 10139', 'mail1139@ya.ru', 88005139, 1997, 204),
(10169, 'Иванов Иван 10140', 'mail1140@ya.ru', 88005140, 1997, 204),
(10170, 'Иванов Иван 10141', 'mail1141@ya.ru', 88005141, 1997, 204),
(10171, 'Иванов Иван 10142', 'mail1142@ya.ru', 88005142, 1997, 204),
(10172, 'Иванов Иван 10143', 'mail1143@ya.ru', 88005143, 1997, 204),
(10173, 'Иванов Иван 10144', 'mail1144@ya.ru', 88005144, 1997, 204),
(10174, 'Иванов Иван 10145', 'mail1145@ya.ru', 88005145, 1997, 204),
(10175, 'Иванов Иван 10146', 'mail1146@ya.ru', 88005146, 1997, 204),
(10176, 'Иванов Иван 10147', 'mail1147@ya.ru', 88005147, 1997, 204),
(10177, 'Иванов Иван 10148', 'mail1148@ya.ru', 88005148, 1997, 204),
(10178, 'Иванов Иван 10149', 'mail1149@ya.ru', 88005149, 1997, 204),
(10179, 'Иванов Иван 10150', 'mail1150@ya.ru', 88005150, 1997, 204),
(10180, 'Иванов Иван 10151', 'mail1151@ya.ru', 88005151, 1997, 204),
(10181, 'Иванов Иван 10152', 'mail1152@ya.ru', 88005152, 1997, 204),
(10182, 'Иванов Иван 10153', 'mail1153@ya.ru', 88005153, 1997, 204),
(10183, 'Иванов Иван 10154', 'mail1154@ya.ru', 88005154, 1997, 204),
(10184, 'Иванов Иван 10155', 'mail1155@ya.ru', 88005155, 1997, 204),
(10185, 'Иванов Иван 10156', 'mail1156@ya.ru', 88005156, 1997, 204),
(10186, 'Иванов Иван 10157', 'mail1157@ya.ru', 88005157, 1997, 204),
(10187, 'Иванов Иван 10158', 'mail1158@ya.ru', 88005158, 1997, 204),
(10188, 'Иванов Иван 10159', 'mail1159@ya.ru', 88005159, 1997, 204),
(10189, 'Иванов Иван 10160', 'mail1160@ya.ru', 88005160, 1997, 204),
(10190, 'Иванов Иван 10161', 'mail1161@ya.ru', 88005161, 1997, 204),
(10191, 'Иванов Иван 10162', 'mail1162@ya.ru', 88005162, 1997, 204),
(10192, 'Иванов Иван 10163', 'mail1163@ya.ru', 88005163, 1997, 204),
(10193, 'Иванов Иван 10164', 'mail1164@ya.ru', 88005164, 1997, 204),
(10194, 'Иванов Иван 10165', 'mail1165@ya.ru', 88005165, 1997, 204),
(10195, 'Иванов Иван 10166', 'mail1166@ya.ru', 88005166, 1997, 204),
(10196, 'Иванов Иван 10167', 'mail1167@ya.ru', 88005167, 1997, 204),
(10197, 'Иванов Иван 10168', 'mail1168@ya.ru', 88005168, 1997, 204),
(10198, 'Иванов Иван 10169', 'mail1169@ya.ru', 88005169, 1997, 205),
(10199, 'Иванов Иван 10170', 'mail1170@ya.ru', 88005170, 1997, 205),
(10200, 'Иванов Иван 10171', 'mail1171@ya.ru', 88005171, 1997, 205),
(10201, 'Иванов Иван 10172', 'mail1172@ya.ru', 88005172, 1997, 205),
(10202, 'Иванов Иван 10173', 'mail1173@ya.ru', 88005173, 1997, 205),
(10203, 'Иванов Иван 10174', 'mail1174@ya.ru', 88005174, 1997, 205),
(10204, 'Иванов Иван 10175', 'mail1175@ya.ru', 88005175, 1997, 205),
(10205, 'Иванов Иван 10176', 'mail1176@ya.ru', 88005176, 1997, 205),
(10206, 'Иванов Иван 10177', 'mail1177@ya.ru', 88005177, 1997, 205),
(10207, 'Иванов Иван 10178', 'mail1178@ya.ru', 88005178, 1997, 205),
(10208, 'Иванов Иван 10179', 'mail1179@ya.ru', 88005179, 1997, 205),
(10209, 'Иванов Иван 10180', 'mail1180@ya.ru', 88005180, 1997, 205),
(10210, 'Иванов Иван 10181', 'mail1181@ya.ru', 88005181, 1997, 205),
(10211, 'Иванов Иван 10182', 'mail1182@ya.ru', 88005182, 1997, 205),
(10212, 'Иванов Иван 10183', 'mail1183@ya.ru', 88005183, 1997, 205),
(10213, 'Иванов Иван 10184', 'mail1184@ya.ru', 88005184, 1997, 205),
(10214, 'Иванов Иван 10185', 'mail1185@ya.ru', 88005185, 1997, 205),
(10215, 'Иванов Иван 10186', 'mail1186@ya.ru', 88005186, 1997, 205),
(10216, 'Иванов Иван 10187', 'mail1187@ya.ru', 88005187, 1997, 205),
(10217, 'Иванов Иван 10188', 'mail1188@ya.ru', 88005188, 1997, 205),
(10218, 'Иванов Иван 10189', 'mail1189@ya.ru', 88005189, 1997, 205),
(10219, 'Иванов Иван 10190', 'mail1190@ya.ru', 88005190, 1997, 205),
(10220, 'Иванов Иван 10191', 'mail1191@ya.ru', 88005191, 1997, 205),
(10221, 'Иванов Иван 10192', 'mail1192@ya.ru', 88005192, 1997, 205),
(10222, 'Иванов Иван 10193', 'mail1193@ya.ru', 88005193, 1997, 205),
(10223, 'Иванов Иван 10194', 'mail1194@ya.ru', 88005194, 1997, 205),
(10224, 'Иванов Иван 10195', 'mail1195@ya.ru', 88005195, 1997, 205),
(10225, 'Иванов Иван 10196', 'mail1196@ya.ru', 88005196, 1997, 205),
(10226, 'Иванов Иван 10197', 'mail1197@ya.ru', 88005197, 1997, 205),
(10227, 'Иванов Иван 10198', 'mail1198@ya.ru', 88005198, 1997, 205),
(10228, 'Иванов Иван 10199', 'mail1199@ya.ru', 88005199, 1997, 205),
(10229, 'Иванов Иван 10200', 'mail1200@ya.ru', 88005200, 1997, 205),
(10230, 'Иванов Иван 10201', 'mail1201@ya.ru', 88005201, 1997, 205),
(10231, 'Иванов Иван 10202', 'mail1202@ya.ru', 88005202, 1997, 205),
(10232, 'Иванов Иван 10203', 'mail1203@ya.ru', 88005203, 1997, 205),
(10233, 'Иванов Иван 10204', 'mail1204@ya.ru', 88005204, 1997, 205),
(10234, 'Иванов Иван 10205', 'mail1205@ya.ru', 88005205, 1997, 205),
(10235, 'Иванов Иван 10206', 'mail1206@ya.ru', 88005206, 1997, 205),
(10236, 'Иванов Иван 10207', 'mail1207@ya.ru', 88005207, 1997, 205),
(10237, 'Иванов Иван 10208', 'mail1208@ya.ru', 88005208, 1997, 205),
(10238, 'Иванов Иван 10209', 'mail1209@ya.ru', 88005209, 1997, 205),
(10239, 'Иванов Иван 10210', 'mail1210@ya.ru', 88005210, 1997, 205),
(10240, 'Иванов Иван 10211', 'mail1211@ya.ru', 88005211, 1997, 205),
(10241, 'Иванов Иван 10212', 'mail1212@ya.ru', 88005212, 1997, 205),
(10242, 'Иванов Иван 10213', 'mail1213@ya.ru', 88005213, 1997, 205),
(10243, 'Иванов Иван 10214', 'mail1214@ya.ru', 88005214, 1997, 205),
(10244, 'Иванов Иван 10215', 'mail1215@ya.ru', 88005215, 1997, 205),
(10245, 'Иванов Иван 10216', 'mail1216@ya.ru', 88005216, 1997, 205),
(10246, 'Иванов Иван 10217', 'mail1217@ya.ru', 88005217, 1997, 205),
(10247, 'Иванов Иван 10218', 'mail1218@ya.ru', 88005218, 1997, 205),
(10248, 'Иванов Иван 10219', 'mail1219@ya.ru', 88005219, 1997, 205),
(10249, 'Иванов Иван 10220', 'mail1220@ya.ru', 88005220, 1997, 205),
(10250, 'Иванов Иван 10221', 'mail1221@ya.ru', 88005221, 1997, 205),
(10251, 'Иванов Иван 10222', 'mail1222@ya.ru', 88005222, 1997, 205),
(10252, 'Иванов Иван 10223', 'mail1223@ya.ru', 88005223, 1997, 205),
(10253, 'Иванов Иван 10224', 'mail1224@ya.ru', 88005224, 1997, 205),
(10254, 'Иванов Иван 10225', 'mail1225@ya.ru', 88005225, 1997, 205),
(10255, 'Иванов Иван 10226', 'mail1226@ya.ru', 88005226, 1997, 205),
(10256, 'Иванов Иван 10227', 'mail1227@ya.ru', 88005227, 1997, 205),
(10257, 'Иванов Иван 10228', 'mail1228@ya.ru', 88005228, 1997, 205),
(10258, 'Иванов Иван 10229', 'mail1229@ya.ru', 88005229, 1997, 205),
(10259, 'Иванов Иван 10230', 'mail1230@ya.ru', 88005230, 1997, 205),
(10260, 'Иванов Иван 10231', 'mail1231@ya.ru', 88005231, 1997, 205),
(10261, 'Иванов Иван 10232', 'mail1232@ya.ru', 88005232, 1997, 206),
(10262, 'Иванов Иван 10233', 'mail1233@ya.ru', 88005233, 1997, 206),
(10263, 'Иванов Иван 10234', 'mail1234@ya.ru', 88005234, 1997, 206),
(10264, 'Иванов Иван 10235', 'mail1235@ya.ru', 88005235, 1997, 206),
(10265, 'Иванов Иван 10236', 'mail1236@ya.ru', 88005236, 1997, 206),
(10266, 'Иванов Иван 10237', 'mail1237@ya.ru', 88005237, 1997, 206),
(10267, 'Иванов Иван 10238', 'mail1238@ya.ru', 88005238, 1997, 206),
(10268, 'Иванов Иван 10239', 'mail1239@ya.ru', 88005239, 1997, 206),
(10269, 'Иванов Иван 10240', 'mail1240@ya.ru', 88005240, 1997, 206),
(10270, 'Иванов Иван 10241', 'mail1241@ya.ru', 88005241, 1997, 206),
(10271, 'Иванов Иван 10242', 'mail1242@ya.ru', 88005242, 1997, 206),
(10272, 'Иванов Иван 10243', 'mail1243@ya.ru', 88005243, 1997, 206),
(10273, 'Иванов Иван 10244', 'mail1244@ya.ru', 88005244, 1997, 206),
(10274, 'Иванов Иван 10245', 'mail1245@ya.ru', 88005245, 1997, 206),
(10275, 'Иванов Иван 10246', 'mail1246@ya.ru', 88005246, 1997, 206),
(10276, 'Иванов Иван 10247', 'mail1247@ya.ru', 88005247, 1997, 206),
(10277, 'Иванов Иван 10248', 'mail1248@ya.ru', 88005248, 1997, 206),
(10278, 'Иванов Иван 10249', 'mail1249@ya.ru', 88005249, 1997, 206),
(10279, 'Иванов Иван 10250', 'mail1250@ya.ru', 88005250, 1997, 206),
(10280, 'Иванов Иван 10251', 'mail1251@ya.ru', 88005251, 1997, 206),
(10281, 'Иванов Иван 10252', 'mail1252@ya.ru', 88005252, 1997, 206),
(10282, 'Иванов Иван 10253', 'mail1253@ya.ru', 88005253, 1997, 206),
(10283, 'Иванов Иван 10254', 'mail1254@ya.ru', 88005254, 1997, 206),
(10284, 'Иванов Иван 10255', 'mail1255@ya.ru', 88005255, 1997, 206),
(10285, 'Иванов Иван 10256', 'mail1256@ya.ru', 88005256, 1997, 206),
(10286, 'Иванов Иван 10257', 'mail1257@ya.ru', 88005257, 1997, 206),
(10287, 'Иванов Иван 10258', 'mail1258@ya.ru', 88005258, 1997, 206),
(10288, 'Иванов Иван 10259', 'mail1259@ya.ru', 88005259, 1997, 206),
(10289, 'Иванов Иван 10260', 'mail1260@ya.ru', 88005260, 1997, 206),
(10290, 'Иванов Иван 10261', 'mail1261@ya.ru', 88005261, 1997, 206),
(10291, 'Иванов Иван 10262', 'mail1262@ya.ru', 88005262, 1997, 206),
(10292, 'Иванов Иван 10263', 'mail1263@ya.ru', 88005263, 1997, 206),
(10293, 'Иванов Иван 10264', 'mail1264@ya.ru', 88005264, 1997, 206),
(10294, 'Иванов Иван 10265', 'mail1265@ya.ru', 88005265, 1997, 206),
(10295, 'Иванов Иван 10266', 'mail1266@ya.ru', 88005266, 1997, 206),
(10296, 'Иванов Иван 10267', 'mail1267@ya.ru', 88005267, 1997, 206),
(10297, 'Иванов Иван 10268', 'mail1268@ya.ru', 88005268, 1997, 206),
(10298, 'Иванов Иван 10269', 'mail1269@ya.ru', 88005269, 1997, 206),
(10299, 'Иванов Иван 10270', 'mail1270@ya.ru', 88005270, 1997, 206),
(10300, 'Иванов Иван 10271', 'mail1271@ya.ru', 88005271, 1997, 206),
(10301, 'Иванов Иван 10272', 'mail1272@ya.ru', 88005272, 1997, 206),
(10302, 'Иванов Иван 10273', 'mail1273@ya.ru', 88005273, 1997, 206),
(10303, 'Иванов Иван 10274', 'mail1274@ya.ru', 88005274, 1997, 206),
(10304, 'Иванов Иван 10275', 'mail1275@ya.ru', 88005275, 1997, 206),
(10305, 'Иванов Иван 10276', 'mail1276@ya.ru', 88005276, 1997, 206),
(10306, 'Иванов Иван 10277', 'mail1277@ya.ru', 88005277, 1997, 206),
(10307, 'Иванов Иван 10278', 'mail1278@ya.ru', 88005278, 1997, 206),
(10308, 'Иванов Иван 10279', 'mail1279@ya.ru', 88005279, 1997, 206),
(10309, 'Иванов Иван 10280', 'mail1280@ya.ru', 88005280, 1997, 206),
(10310, 'Иванов Иван 10281', 'mail1281@ya.ru', 88005281, 1997, 206),
(10311, 'Иванов Иван 10282', 'mail1282@ya.ru', 88005282, 1997, 206),
(10312, 'Иванов Иван 10283', 'mail1283@ya.ru', 88005283, 1997, 206),
(10313, 'Иванов Иван 10284', 'mail1284@ya.ru', 88005284, 1997, 206),
(10314, 'Иванов Иван 10285', 'mail1285@ya.ru', 88005285, 1997, 206),
(10315, 'Иванов Иван 10286', 'mail1286@ya.ru', 88005286, 1997, 206),
(10316, 'Иванов Иван 10287', 'mail1287@ya.ru', 88005287, 1997, 206),
(10317, 'Иванов Иван 10288', 'mail1288@ya.ru', 88005288, 1997, 207),
(10318, 'Иванов Иван 10289', 'mail1289@ya.ru', 88005289, 1997, 207),
(10319, 'Иванов Иван 10290', 'mail1290@ya.ru', 88005290, 1997, 207),
(10320, 'Иванов Иван 10291', 'mail1291@ya.ru', 88005291, 1997, 207),
(10321, 'Иванов Иван 10292', 'mail1292@ya.ru', 88005292, 1997, 207),
(10322, 'Иванов Иван 10293', 'mail1293@ya.ru', 88005293, 1997, 207),
(10323, 'Иванов Иван 10294', 'mail1294@ya.ru', 88005294, 1997, 207),
(10324, 'Иванов Иван 10295', 'mail1295@ya.ru', 88005295, 1997, 207),
(10325, 'Иванов Иван 10296', 'mail1296@ya.ru', 88005296, 1997, 207),
(10326, 'Иванов Иван 10297', 'mail1297@ya.ru', 88005297, 1997, 207),
(10327, 'Иванов Иван 10298', 'mail1298@ya.ru', 88005298, 1997, 207),
(10328, 'Иванов Иван 10299', 'mail1299@ya.ru', 88005299, 1997, 207),
(10329, 'Иванов Иван 10300', 'mail1300@ya.ru', 88005300, 1997, 207),
(10330, 'Иванов Иван 10301', 'mail1301@ya.ru', 88005301, 1997, 207),
(10331, 'Иванов Иван 10302', 'mail1302@ya.ru', 88005302, 1997, 207),
(10332, 'Иванов Иван 10303', 'mail1303@ya.ru', 88005303, 1997, 207),
(10333, 'Иванов Иван 10304', 'mail1304@ya.ru', 88005304, 1997, 207),
(10334, 'Иванов Иван 10305', 'mail1305@ya.ru', 88005305, 1997, 207),
(10335, 'Иванов Иван 10306', 'mail1306@ya.ru', 88005306, 1997, 207),
(10336, 'Иванов Иван 10307', 'mail1307@ya.ru', 88005307, 1997, 207),
(10337, 'Иванов Иван 10308', 'mail1308@ya.ru', 88005308, 1997, 207),
(10338, 'Иванов Иван 10309', 'mail1309@ya.ru', 88005309, 1997, 207),
(10339, 'Иванов Иван 10310', 'mail1310@ya.ru', 88005310, 1997, 207),
(10340, 'Иванов Иван 10311', 'mail1311@ya.ru', 88005311, 1997, 207),
(10341, 'Иванов Иван 10312', 'mail1312@ya.ru', 88005312, 1997, 207),
(10342, 'Иванов Иван 10313', 'mail1313@ya.ru', 88005313, 1997, 207),
(10343, 'Иванов Иван 10314', 'mail1314@ya.ru', 88005314, 1997, 207),
(10344, 'Иванов Иван 10315', 'mail1315@ya.ru', 88005315, 1997, 207),
(10345, 'Иванов Иван 10316', 'mail1316@ya.ru', 88005316, 1997, 207),
(10346, 'Иванов Иван 10317', 'mail1317@ya.ru', 88005317, 1997, 207),
(10347, 'Иванов Иван 10318', 'mail1318@ya.ru', 88005318, 1997, 207),
(10348, 'Иванов Иван 10319', 'mail1319@ya.ru', 88005319, 1997, 207),
(10349, 'Иванов Иван 10320', 'mail1320@ya.ru', 88005320, 1997, 207),
(10350, 'Иванов Иван 10321', 'mail1321@ya.ru', 88005321, 1997, 207),
(10351, 'Иванов Иван 10322', 'mail1322@ya.ru', 88005322, 1997, 208),
(10352, 'Иванов Иван 10323', 'mail1323@ya.ru', 88005323, 1997, 208),
(10353, 'Иванов Иван 10324', 'mail1324@ya.ru', 88005324, 1997, 208),
(10354, 'Иванов Иван 10325', 'mail1325@ya.ru', 88005325, 1997, 208),
(10355, 'Иванов Иван 10326', 'mail1326@ya.ru', 88005326, 1997, 208),
(10356, 'Иванов Иван 10327', 'mail1327@ya.ru', 88005327, 1997, 208),
(10357, 'Иванов Иван 10328', 'mail1328@ya.ru', 88005328, 1997, 208),
(10358, 'Иванов Иван 10329', 'mail1329@ya.ru', 88005329, 1997, 208),
(10359, 'Иванов Иван 10330', 'mail1330@ya.ru', 88005330, 1997, 208),
(10360, 'Иванов Иван 10331', 'mail1331@ya.ru', 88005331, 1997, 208),
(10361, 'Иванов Иван 10332', 'mail1332@ya.ru', 88005332, 1997, 208),
(10362, 'Иванов Иван 10333', 'mail1333@ya.ru', 88005333, 1997, 208),
(10363, 'Иванов Иван 10334', 'mail1334@ya.ru', 88005334, 1997, 208),
(10364, 'Иванов Иван 10335', 'mail1335@ya.ru', 88005335, 1997, 208),
(10365, 'Иванов Иван 10336', 'mail1336@ya.ru', 88005336, 1997, 208),
(10366, 'Иванов Иван 10337', 'mail1337@ya.ru', 88005337, 1997, 208),
(10367, 'Иванов Иван 10338', 'mail1338@ya.ru', 88005338, 1997, 209),
(10368, 'Иванов Иван 10339', 'mail1339@ya.ru', 88005339, 1997, 209),
(10369, 'Иванов Иван 10340', 'mail1340@ya.ru', 88005340, 1997, 209),
(10370, 'Иванов Иван 10341', 'mail1341@ya.ru', 88005341, 1997, 209),
(10371, 'Иванов Иван 10342', 'mail1342@ya.ru', 88005342, 1997, 209),
(10372, 'Иванов Иван 10343', 'mail1343@ya.ru', 88005343, 1997, 209),
(10373, 'Иванов Иван 10344', 'mail1344@ya.ru', 88005344, 1997, 209),
(10374, 'Иванов Иван 10345', 'mail1345@ya.ru', 88005345, 1997, 209),
(10375, 'Иванов Иван 10346', 'mail1346@ya.ru', 88005346, 1997, 209),
(10376, 'Иванов Иван 10347', 'mail1347@ya.ru', 88005347, 1997, 209),
(10377, 'Иванов Иван 10348', 'mail1348@ya.ru', 88005348, 1997, 209),
(10378, 'Иванов Иван 10349', 'mail1349@ya.ru', 88005349, 1997, 209),
(10379, 'Иванов Иван 10350', 'mail1350@ya.ru', 88005350, 1997, 209),
(10380, 'Иванов Иван 10351', 'mail1351@ya.ru', 88005351, 1997, 209),
(10381, 'Иванов Иван 10352', 'mail1352@ya.ru', 88005352, 1997, 209),
(10382, 'Иванов Иван 10353', 'mail1353@ya.ru', 88005353, 1997, 209),
(10383, 'Иванов Иван 10354', 'mail1354@ya.ru', 88005354, 1997, 209),
(10384, 'Иванов Иван 10355', 'mail1355@ya.ru', 88005355, 1997, 209),
(10385, 'Иванов Иван 10356', 'mail1356@ya.ru', 88005356, 1997, 209),
(10386, 'Иванов Иван 10357', 'mail1357@ya.ru', 88005357, 1997, 209),
(10387, 'Иванов Иван 10358', 'mail1358@ya.ru', 88005358, 1997, 209),
(10388, 'Иванов Иван 10359', 'mail1359@ya.ru', 88005359, 1997, 209),
(10389, 'Иванов Иван 10360', 'mail1360@ya.ru', 88005360, 1997, 209),
(10390, 'Иванов Иван 10361', 'mail1361@ya.ru', 88005361, 1997, 210),
(10391, 'Иванов Иван 10362', 'mail1362@ya.ru', 88005362, 1997, 210),
(10392, 'Иванов Иван 10363', 'mail1363@ya.ru', 88005363, 1997, 210),
(10393, 'Иванов Иван 10364', 'mail1364@ya.ru', 88005364, 1997, 210),
(10394, 'Иванов Иван 10365', 'mail1365@ya.ru', 88005365, 1997, 210),
(10395, 'Иванов Иван 10366', 'mail1366@ya.ru', 88005366, 1997, 210),
(10396, 'Иванов Иван 10367', 'mail1367@ya.ru', 88005367, 1997, 210),
(10397, 'Иванов Иван 10368', 'mail1368@ya.ru', 88005368, 1997, 210),
(10398, 'Иванов Иван 10369', 'mail1369@ya.ru', 88005369, 1997, 210),
(10399, 'Иванов Иван 10370', 'mail1370@ya.ru', 88005370, 1997, 210),
(10400, 'Иванов Иван 10371', 'mail1371@ya.ru', 88005371, 1997, 210),
(10401, 'Иванов Иван 10372', 'mail1372@ya.ru', 88005372, 1997, 210),
(10402, 'Иванов Иван 10373', 'mail1373@ya.ru', 88005373, 1997, 210),
(10403, 'Иванов Иван 10374', 'mail1374@ya.ru', 88005374, 1997, 210),
(10404, 'Иванов Иван 10375', 'mail1375@ya.ru', 88005375, 1997, 211),
(10405, 'Иванов Иван 10376', 'mail1376@ya.ru', 88005376, 1997, 211),
(10406, 'Иванов Иван 10377', 'mail1377@ya.ru', 88005377, 1997, 211),
(10407, 'Иванов Иван 10378', 'mail1378@ya.ru', 88005378, 1997, 211),
(10408, 'Иванов Иван 10379', 'mail1379@ya.ru', 88005379, 1997, 211),
(10409, 'Иванов Иван 10380', 'mail1380@ya.ru', 88005380, 1997, 211),
(10410, 'Иванов Иван 10381', 'mail1381@ya.ru', 88005381, 1997, 211),
(10411, 'Иванов Иван 10382', 'mail1382@ya.ru', 88005382, 1997, 211),
(10412, 'Иванов Иван 10383', 'mail1383@ya.ru', 88005383, 1997, 211),
(10413, 'Иванов Иван 10384', 'mail1384@ya.ru', 88005384, 1997, 211),
(10414, 'Иванов Иван 10385', 'mail1385@ya.ru', 88005385, 1997, 211),
(10415, 'Иванов Иван 10386', 'mail1386@ya.ru', 88005386, 1997, 211),
(10416, 'Иванов Иван 10387', 'mail1387@ya.ru', 88005387, 1997, 211),
(10417, 'Иванов Иван 10388', 'mail1388@ya.ru', 88005388, 1997, 211),
(10418, 'Иванов Иван 10389', 'mail1389@ya.ru', 88005389, 1997, 211),
(10419, 'Иванов Иван 10390', 'mail1390@ya.ru', 88005390, 1997, 211),
(10420, 'Иванов Иван 10391', 'mail1391@ya.ru', 88005391, 1997, 211),
(10421, 'Иванов Иван 10392', 'mail1392@ya.ru', 88005392, 1997, 211),
(10422, 'Иванов Иван 10393', 'mail1393@ya.ru', 88005393, 1997, 211),
(10423, 'Иванов Иван 10394', 'mail1394@ya.ru', 88005394, 1997, 212),
(10424, 'Иванов Иван 10395', 'mail1395@ya.ru', 88005395, 1997, 212),
(10425, 'Иванов Иван 10396', 'mail1396@ya.ru', 88005396, 1997, 212),
(10426, 'Иванов Иван 10397', 'mail1397@ya.ru', 88005397, 1997, 212),
(10427, 'Иванов Иван 10398', 'mail1398@ya.ru', 88005398, 1997, 212),
(10428, 'Иванов Иван 10399', 'mail1399@ya.ru', 88005399, 1997, 212),
(10429, 'Иванов Иван 10400', 'mail1400@ya.ru', 88005400, 1997, 212),
(10430, 'Иванов Иван 10401', 'mail1401@ya.ru', 88005401, 1997, 212),
(10431, 'Иванов Иван 10402', 'mail1402@ya.ru', 88005402, 1997, 212),
(10432, 'Иванов Иван 10403', 'mail1403@ya.ru', 88005403, 1997, 212),
(10433, 'Иванов Иван 10404', 'mail1404@ya.ru', 88005404, 1997, 212),
(10434, 'Иванов Иван 10405', 'mail1405@ya.ru', 88005405, 1997, 212),
(10435, 'Иванов Иван 10406', 'mail1406@ya.ru', 88005406, 1997, 212),
(10436, 'Иванов Иван 10407', 'mail1407@ya.ru', 88005407, 1997, 212),
(10437, 'Иванов Иван 10408', 'mail1408@ya.ru', 88005408, 1997, 212),
(10438, 'Иванов Иван 10409', 'mail1409@ya.ru', 88005409, 1997, 212),
(10439, 'Иванов Иван 10410', 'mail1410@ya.ru', 88005410, 1997, 212),
(10440, 'Иванов Иван 10411', 'mail1411@ya.ru', 88005411, 1997, 212),
(10441, 'Иванов Иван 10412', 'mail1412@ya.ru', 88005412, 1997, 212),
(10442, 'Иванов Иван 10413', 'mail1413@ya.ru', 88005413, 1997, 212),
(10443, 'Иванов Иван 10414', 'mail1414@ya.ru', 88005414, 1997, 212),
(10444, 'Иванов Иван 10415', 'mail1415@ya.ru', 88005415, 1997, 212),
(10445, 'Иванов Иван 10416', 'mail1416@ya.ru', 88005416, 1997, 212),
(10446, 'Иванов Иван 10417', 'mail1417@ya.ru', 88005417, 1997, 212),
(10447, 'Иванов Иван 10418', 'mail1418@ya.ru', 88005418, 1997, 212),
(10448, 'Иванов Иван 10419', 'mail1419@ya.ru', 88005419, 1997, 212),
(10449, 'Иванов Иван 10420', 'mail1420@ya.ru', 88005420, 1997, 213),
(10450, 'Иванов Иван 10421', 'mail1421@ya.ru', 88005421, 1997, 213),
(10451, 'Иванов Иван 10422', 'mail1422@ya.ru', 88005422, 1997, 213),
(10452, 'Иванов Иван 10423', 'mail1423@ya.ru', 88005423, 1997, 213),
(10453, 'Иванов Иван 10424', 'mail1424@ya.ru', 88005424, 1997, 213),
(10454, 'Иванов Иван 10425', 'mail1425@ya.ru', 88005425, 1997, 213),
(10455, 'Иванов Иван 10426', 'mail1426@ya.ru', 88005426, 1997, 213),
(10456, 'Иванов Иван 10427', 'mail1427@ya.ru', 88005427, 1997, 213),
(10457, 'Иванов Иван 10428', 'mail1428@ya.ru', 88005428, 1997, 213),
(10458, 'Иванов Иван 10429', 'mail1429@ya.ru', 88005429, 1997, 213),
(10459, 'Иванов Иван 10430', 'mail1430@ya.ru', 88005430, 1997, 213),
(10460, 'Иванов Иван 10431', 'mail1431@ya.ru', 88005431, 1997, 213),
(10461, 'Иванов Иван 10432', 'mail1432@ya.ru', 88005432, 1997, 213),
(10462, 'Иванов Иван 10433', 'mail1433@ya.ru', 88005433, 1997, 213),
(10463, 'Иванов Иван 10434', 'mail1434@ya.ru', 88005434, 1997, 213),
(10464, 'Иванов Иван 10435', 'mail1435@ya.ru', 88005435, 1997, 213),
(10465, 'Иванов Иван 10436', 'mail1436@ya.ru', 88005436, 1997, 213),
(10466, 'Иванов Иван 10437', 'mail1437@ya.ru', 88005437, 1997, 214),
(10467, 'Иванов Иван 10438', 'mail1438@ya.ru', 88005438, 1997, 214),
(10468, 'Иванов Иван 10439', 'mail1439@ya.ru', 88005439, 1997, 214),
(10469, 'Иванов Иван 10440', 'mail1440@ya.ru', 88005440, 1997, 214),
(10470, 'Иванов Иван 10441', 'mail1441@ya.ru', 88005441, 1997, 214),
(10471, 'Иванов Иван 10442', 'mail1442@ya.ru', 88005442, 1997, 214),
(10472, 'Иванов Иван 10443', 'mail1443@ya.ru', 88005443, 1997, 214),
(10473, 'Иванов Иван 10444', 'mail1444@ya.ru', 88005444, 1997, 214),
(10474, 'Иванов Иван 10445', 'mail1445@ya.ru', 88005445, 1997, 214),
(10475, 'Иванов Иван 10446', 'mail1446@ya.ru', 88005446, 1997, 214),
(10476, 'Иванов Иван 10447', 'mail1447@ya.ru', 88005447, 1997, 214),
(10477, 'Иванов Иван 10448', 'mail1448@ya.ru', 88005448, 1997, 214),
(10478, 'Иванов Иван 10449', 'mail1449@ya.ru', 88005449, 1997, 214),
(10479, 'Иванов Иван 10450', 'mail1450@ya.ru', 88005450, 1997, 214),
(10480, 'Иванов Иван 10451', 'mail1451@ya.ru', 88005451, 1997, 214),
(10481, 'Иванов Иван 10452', 'mail1452@ya.ru', 88005452, 1997, 214),
(10482, 'Иванов Иван 10453', 'mail1453@ya.ru', 88005453, 1997, 214),
(10483, 'Иванов Иван 10454', 'mail1454@ya.ru', 88005454, 1997, 215),
(10484, 'Иванов Иван 10455', 'mail1455@ya.ru', 88005455, 1997, 215),
(10485, 'Иванов Иван 10456', 'mail1456@ya.ru', 88005456, 1997, 215),
(10486, 'Иванов Иван 10457', 'mail1457@ya.ru', 88005457, 1997, 215),
(10487, 'Иванов Иван 10458', 'mail1458@ya.ru', 88005458, 1997, 215),
(10488, 'Иванов Иван 10459', 'mail1459@ya.ru', 88005459, 1997, 215),
(10489, 'Иванов Иван 10460', 'mail1460@ya.ru', 88005460, 1997, 215),
(10490, 'Иванов Иван 10461', 'mail1461@ya.ru', 88005461, 1997, 215),
(10491, 'Иванов Иван 10462', 'mail1462@ya.ru', 88005462, 1997, 215),
(10492, 'Иванов Иван 10463', 'mail1463@ya.ru', 88005463, 1997, 215),
(10493, 'Иванов Иван 10464', 'mail1464@ya.ru', 88005464, 1997, 215),
(10494, 'Иванов Иван 10465', 'mail1465@ya.ru', 88005465, 1997, 215),
(10495, 'Иванов Иван 10466', 'mail1466@ya.ru', 88005466, 1997, 215),
(10496, 'Иванов Иван 10467', 'mail1467@ya.ru', 88005467, 1997, 216),
(10497, 'Иванов Иван 10468', 'mail1468@ya.ru', 88005468, 1997, 215),
(10498, 'Иванов Иван 10469', 'mail1469@ya.ru', 88005469, 1997, 217),
(10499, 'Иванов Иван 10470', 'mail1470@ya.ru', 88005470, 1997, 217),
(10500, 'Иванов Иван 10471', 'mail1471@ya.ru', 88005471, 1997, 218),
(10501, 'Иванов Иван 10472', 'mail1472@ya.ru', 88005472, 1997, 219),
(10502, 'Иванов Иван 10473', 'mail1473@ya.ru', 88005473, 1997, 220),
(10528, 'иовлркпл', 'qwe@ya.ru', 53253, 1978, NULL);

--
-- Индексы сохранённых таблиц
--

--
-- Индексы таблицы `construction company`
--
ALTER TABLE `construction company`
  ADD PRIMARY KEY (`comp_id1`);

--
-- Индексы таблицы `flat`
--
ALTER TABLE `flat`
  ADD PRIMARY KEY (`flat_id`),
  ADD KEY `owner_id` (`owner_id`),
  ADD KEY `house_id` (`house_id`);

--
-- Индексы таблицы `houses`
--
ALTER TABLE `houses`
  ADD PRIMARY KEY (`house_id1`),
  ADD KEY `comp_id` (`comp_id`);

--
-- Индексы таблицы `intermediate_table`
--
ALTER TABLE `intermediate_table`
  ADD PRIMARY KEY (`id`),
  ADD KEY `flat_id` (`flat_id1`),
  ADD KEY `tenant_id` (`tenant_id1`);

--
-- Индексы таблицы `owner`
--
ALTER TABLE `owner`
  ADD PRIMARY KEY (`owner_id1`);

--
-- Индексы таблицы `residence`
--
ALTER TABLE `residence`
  ADD PRIMARY KEY (`residence_id`);

--
-- Индексы таблицы `tenant`
--
ALTER TABLE `tenant`
  ADD PRIMARY KEY (`tenant_id`),
  ADD KEY `place_of_residence_id` (`place_of_residence_id`);

--
-- AUTO_INCREMENT для сохранённых таблиц
--

--
-- AUTO_INCREMENT для таблицы `construction company`
--
ALTER TABLE `construction company`
  MODIFY `comp_id1` int UNSIGNED NOT NULL AUTO_INCREMENT, AUTO_INCREMENT=21;

--
-- AUTO_INCREMENT для таблицы `flat`
--
ALTER TABLE `flat`
  MODIFY `flat_id` int UNSIGNED NOT NULL AUTO_INCREMENT, AUTO_INCREMENT=100576;

--
-- AUTO_INCREMENT для таблицы `houses`
--
ALTER TABLE `houses`
  MODIFY `house_id1` int UNSIGNED NOT NULL AUTO_INCREMENT, AUTO_INCREMENT=122;

--
-- AUTO_INCREMENT для таблицы `intermediate_table`
--
ALTER TABLE `intermediate_table`
  MODIFY `id` int UNSIGNED NOT NULL AUTO_INCREMENT, AUTO_INCREMENT=553;

--
-- AUTO_INCREMENT для таблицы `owner`
--
ALTER TABLE `owner`
  MODIFY `owner_id1` int UNSIGNED NOT NULL AUTO_INCREMENT, AUTO_INCREMENT=1024;

--
-- AUTO_INCREMENT для таблицы `residence`
--
ALTER TABLE `residence`
  MODIFY `residence_id` int NOT NULL AUTO_INCREMENT, AUTO_INCREMENT=224;

--
-- AUTO_INCREMENT для таблицы `tenant`
--
ALTER TABLE `tenant`
  MODIFY `tenant_id` int UNSIGNED NOT NULL AUTO_INCREMENT, AUTO_INCREMENT=10529;

--
-- Ограничения внешнего ключа сохраненных таблиц
--

--
-- Ограничения внешнего ключа таблицы `flat`
--
ALTER TABLE `flat`
  ADD CONSTRAINT `flat_ibfk_1` FOREIGN KEY (`owner_id`) REFERENCES `owner` (`owner_id1`) ON DELETE RESTRICT ON UPDATE RESTRICT,
  ADD CONSTRAINT `flat_ibfk_2` FOREIGN KEY (`house_id`) REFERENCES `houses` (`house_id1`) ON DELETE RESTRICT ON UPDATE RESTRICT;

--
-- Ограничения внешнего ключа таблицы `houses`
--
ALTER TABLE `houses`
  ADD CONSTRAINT `houses_ibfk_1` FOREIGN KEY (`comp_id`) REFERENCES `construction company` (`comp_id1`) ON DELETE RESTRICT ON UPDATE RESTRICT;

--
-- Ограничения внешнего ключа таблицы `intermediate_table`
--
ALTER TABLE `intermediate_table`
  ADD CONSTRAINT `intermediate_table_ibfk_1` FOREIGN KEY (`flat_id1`) REFERENCES `flat` (`flat_id`) ON DELETE RESTRICT ON UPDATE RESTRICT,
  ADD CONSTRAINT `intermediate_table_ibfk_2` FOREIGN KEY (`tenant_id1`) REFERENCES `tenant` (`tenant_id`) ON DELETE RESTRICT ON UPDATE RESTRICT;

--
-- Ограничения внешнего ключа таблицы `tenant`
--
ALTER TABLE `tenant`
  ADD CONSTRAINT `tenant_ibfk_1` FOREIGN KEY (`place_of_residence_id`) REFERENCES `residence` (`residence_id`) ON DELETE RESTRICT ON UPDATE RESTRICT;
COMMIT;

/*!40101 SET CHARACTER_SET_CLIENT=@OLD_CHARACTER_SET_CLIENT */;
/*!40101 SET CHARACTER_SET_RESULTS=@OLD_CHARACTER_SET_RESULTS */;
/*!40101 SET COLLATION_CONNECTION=@OLD_COLLATION_CONNECTION */;
